Ticker,Price,High52W,PctBelow,MarketCapM,AvgVolK,AvgDolVolM,Sector,Industry,Indexes,AI,Uranium,Chg3moPct,Px3moAgo,TrendUp,DataFlag
BMNR,19.82,160.95,87.69,11289.0,41709.7,826.68,,,,,,-7.81,21.5,,Check: 88% below high
ODD,12.41,79.18,84.33,712.8,2289.0,28.41,Consumer Defensive,Household & Personal Products,,,,-15.81,14.74,,Check: 84% below high
FIG,22.74,142.92,84.09,12015.3,17063.5,388.02,Technology,Software - Application,,,,-27.21,31.24,,Check: 84% below high
PAR,14.68,72.15,79.66,605.3,1911.7,28.05,Technology,Software - Application,,,,-29.38,20.78,,Check: 80% below high
BKKT,12.85,49.79,74.19,573.3,1563.9,20.1,Technology,Software - Infrastructure,,,,18.11,10.88,Y,Check: 74% below high
DOCS,19.75,76.51,74.18,3612.6,3668.1,72.46,Healthcare,Health Information Services,,,,-19.04,24.4,,Check: 74% below high
VIA,14.95,56.31,73.44,1215.8,753.5,11.27,Technology,Software - Application,,,,-15.08,17.61,,Check: 73% below high
KD,12.16,44.2,72.48,2742.2,3883.9,47.24,Technology,Information Technology Services,,,,0.52,12.1,,Check: 72% below high
BETR,27.13,94.06,71.16,511.9,544.1,14.76,,,,,,-12.29,30.93,,Check: 71% below high
WGS,49.39,170.87,71.09,1466.3,1166.3,57.6,Healthcare,Diagnostics & Research,,,,-37.4,78.9,,Check: 71% below high
QFIN,12.34,42.43,70.92,1502.4,1454.1,17.94,Financial Services,Credit Services,,,,-10.37,13.77,,Check: 71% below high
BLSH,35.14,118.0,70.22,5328.9,1283.8,45.11,Technology,Software - Infrastructure,,,,6.84,32.89,Y,Check: 70% below high
FMC,13.25,43.45,69.5,1656.9,3327.3,44.09,Basic Materials,Agricultural Inputs,,,,-11.06,14.9,,
RBLX,46.32,150.59,69.24,33164.1,10614.6,491.67,Communication Services,Electronic Gaming & Multimedia,,,,-31.95,68.07,,
VERX,13.25,42.44,68.78,2144.1,1482.7,19.65,Technology,Software - Application,,,,-1.05,13.39,,
EFOR,19.32,60.75,68.2,792.1,1257.5,24.3,Technology,Information Technology Services,,,,-52.92,41.04,,
CSGP,32.84,97.43,66.29,13410.4,6944.0,228.04,Real Estate,Real Estate Services,SP500,,,-26.66,44.78,,
QDEL,12.02,35.58,66.22,819.7,2218.5,26.67,Healthcare,Medical Devices,,,,-48.48,23.33,,
ELF,52.33,150.99,65.35,3110.2,2776.3,145.27,Consumer Defensive,Household & Personal Products,,,,-43.79,93.09,,
UPST,30.82,87.3,64.7,2949.8,4782.5,147.4,,,,,,8.37,28.44,Y,
PSIX,43.1,121.78,64.6,993.6,831.8,35.85,Industrials,Specialty Industrial Machinery,,,,-54.87,95.51,,
LBRDK,33.72,95.0,64.5,4838.7,1529.9,51.59,Communication Services,Telecom Services,,,,-35.82,52.54,,
CRML,11.43,32.15,64.46,1676.4,11979.1,136.86,Basic Materials,Other Industrial Metals & Mining,,,,6.18,10.76,Y,
BBNX,11.86,32.71,63.73,528.7,1013.1,12.02,Healthcare,Medical Devices,,,,-7.95,12.89,,
LIF,40.9,112.54,63.66,3313.8,1299.8,53.15,Technology,Software - Application,,,,-17.87,49.79,,
STUB,10.16,27.89,63.57,3814.4,4912.2,49.91,Communication Services,Internet Content & Information,,,,10.43,9.2,Y,
SPSC,53.91,147.61,63.48,1979.2,634.3,34.19,Technology,Software - Application,,,,-0.42,54.14,,
CAI,15.72,42.5,63.01,4443.7,2582.4,40.6,Healthcare,Biotechnology,,,,-14.15,18.31,,
Z,36.2,93.88,61.44,8282.6,3761.3,136.16,Communication Services,Internet Content & Information,,,,-20.11,45.31,,
ALOY,10.48,26.9,61.06,626.7,1663.1,17.42,Basic Materials,Other Industrial Metals & Mining,,,,-34.45,15.98,,
CHYM,17.64,44.94,60.75,6721.2,4980.7,87.86,Technology,Software - Application,,,,-16.44,21.11,,
BLKB,29.51,74.88,60.59,1355.5,586.2,17.3,Technology,Software - Application,,,,-38.32,47.84,,
FOUR,43.1,108.5,60.28,3419.1,2227.4,96.0,Technology,Software - Infrastructure,,,,-24.87,57.37,,
KVYO,14.75,36.76,59.87,4414.4,5412.3,79.83,Technology,Software - Application,,,,-14.44,17.24,,
SRAD,13.06,32.22,59.48,3863.6,3498.5,45.67,Technology,Software - Application,,,,-26.62,17.79,,
ZG,36.65,90.22,59.38,8385.6,1081.6,39.64,Communication Services,Internet Content & Information,,,,-19.33,45.43,,
CBZ,31.72,77.91,59.29,1701.7,1194.9,37.9,Industrials,Specialty Business Services,,,,16.28,27.28,Y,
XNDU,17.33,42.44,59.15,5174.7,5495.7,95.27,Technology,Software - Infrastructure,,,,116.42,8.01,Y,
GPCR,38.92,94.9,58.99,2766.2,908.8,35.37,Healthcare,Biotechnology,,,,-41.5,66.53,,
ZLAB,18.47,44.34,58.34,2075.2,766.0,14.15,Healthcare,Biotechnology,,,,-4.74,19.39,,
SOC,14.01,33.29,57.92,2162.6,5189.0,72.7,Energy,Oil & Gas Drilling,,,,53.45,9.13,Y,
ZBIO,19.05,44.6,57.29,1202.7,695.8,13.25,Healthcare,Biotechnology,,,,-26.82,26.03,,
CNXC,25.67,59.94,57.17,1566.1,1629.1,41.82,Technology,Information Technology Services,,,,-16.71,30.82,,
CRK,13.54,31.17,56.56,3976.6,2342.5,31.72,Energy,Oil & Gas E&P,,,,-26.41,18.4,,
BETA,17.2,39.5,56.44,3970.2,1681.1,28.92,Industrials,Aerospace & Defense,,,,-7.85,18.67,,
KTOS,58.67,134.0,56.22,11001.8,4360.1,255.8,Industrials,Aerospace & Defense,,,,-33.5,88.23,,
GPK,10.17,23.2,56.17,3009.2,7365.8,74.91,Consumer Cyclical,Packaging & Containers,,,,-14.36,11.88,,
CHWY,21.34,48.62,56.1,8729.8,8446.7,180.29,Consumer Cyclical,Internet Retail,,,,-19.33,26.46,,
NCNO,15.46,33.92,54.42,1682.0,2954.1,45.67,Technology,Software - Application,,,,-2.21,15.81,,
TEM,47.72,104.32,54.26,8568.8,5517.9,263.31,Healthcare,Health Information Services,,Y,,-11.15,53.71,,
PLNT,52.4,114.47,54.23,4145.8,2313.7,121.22,Consumer Cyclical,Leisure,,,,-34.55,80.05,,
ERAS,11.25,24.28,53.67,3498.6,6598.7,74.24,Healthcare,Biotechnology,,,,-16.42,13.46,,
FIGR,36.3,78.0,53.46,8026.0,5125.1,186.04,,,,,,4.73,34.66,Y,
WAY,19.53,41.49,52.92,3747.1,2449.8,47.86,Healthcare,Health Information Services,,,,-19.94,24.4,,
TSCO,29.81,63.19,52.83,15631.2,8962.9,267.14,Consumer Cyclical,Specialty Retail,SP500,,,-42.43,51.77,,
FSLY,16.5,34.82,52.61,2582.2,12245.6,202.05,Technology,Software - Application,,,,-9.09,18.15,,
CBRL,33.4,70.4,52.56,746.4,1095.8,36.6,Consumer Cyclical,Restaurants,,,,7.77,30.99,Y,
APPN,21.93,46.06,52.39,1609.9,857.9,18.81,Technology,Software - Infrastructure,,,,-16.71,26.33,,
TOST,23.68,49.66,52.31,13737.3,11047.2,261.65,Technology,Software - Infrastructure,,,,-11.66,26.81,,
DFH,15.14,31.5,51.94,1385.4,769.2,11.64,,,,,,-17.92,18.44,,
CRVS,13.02,26.95,51.71,1094.4,1395.9,18.17,Healthcare,Biotechnology,,,,-28.49,18.2,,
BL,28.8,59.57,51.66,1689.1,1197.2,34.47,Technology,Software - Application,,,,-12.34,32.85,,
GPGI,12.94,26.77,51.66,3750.8,4492.8,58.14,Industrials,Metal Fabrication,,,,-43.8,23.02,,
SDGR,13.36,27.63,51.63,998.6,1347.8,18.01,Healthcare,Health Information Services,,,,13.26,11.8,Y,
MAZE,26.07,53.65,51.4,1443.0,856.6,22.33,Healthcare,Biotechnology,,,,-44.8,47.23,,
DQ,17.79,36.59,51.38,1203.8,758.8,13.5,Technology,Semiconductor Equipment & Materials,,,,-29.12,25.1,,
PINS,19.42,39.93,51.35,10881.1,18157.0,352.7,Communication Services,Internet Content & Information,,,,10.56,17.57,Y,
NNE,29.62,60.87,51.34,1542.7,2127.3,63.01,Industrials,Specialty Industrial Machinery,,,,8.9,27.2,Y,
SOFI,16.16,32.73,50.64,20722.7,65376.3,1056.15,Financial Services,Credit Services,,,,-16.25,19.29,,
BILI,17.98,36.4,50.6,7491.0,2901.7,52.17,Communication Services,Internet Content & Information,,,,-38.86,29.41,,
LI,15.93,32.03,50.27,16214.0,3497.2,55.69,Consumer Cyclical,Auto Manufacturers,,,,-13.69,18.45,,
ETOR,39.88,79.96,50.13,3171.5,1198.3,47.79,Financial Services,Capital Markets,,,,22.93,32.44,Y,
TRIP,10.1,20.16,49.9,1175.2,3641.9,36.78,Consumer Cyclical,Travel Services,,,,0.2,10.08,Y,
MBLY,10.12,20.18,49.85,8522.9,6404.5,64.81,Consumer Cyclical,Auto Parts,,,,15.13,8.79,Y,
MGNI,13.4,26.65,49.7,1935.2,2346.9,31.46,Communication Services,Advertising Agencies,,,,11.99,11.97,Y,
NSP,31.12,61.72,49.57,1188.0,974.0,30.32,Industrials,Staffing & Employment Services,,,,43.12,21.75,Y,
TNDM,15.06,29.65,49.21,1032.0,2189.6,32.98,,,,,,-42.1,26.01,,
PEGA,34.59,68.02,49.15,5780.6,2154.5,74.53,Technology,Software - Application,,,,-19.65,43.05,,
PSKY,10.52,20.67,49.14,11768.1,13419.4,141.11,Communication Services,Entertainment,SP500,,,4.03,10.11,,
BRO,57.68,112.83,48.88,19550.5,3185.3,183.73,Financial Services,Insurance Brokers,SP500,,,-17.42,69.85,,
AVPT,10.28,19.95,48.47,2179.5,1834.2,18.86,Technology,Software - Infrastructure,,,,0.49,10.23,,
HPP,11.24,21.7,48.2,609.7,1259.9,14.16,Real Estate,REIT - Office,,,,76.73,6.36,Y,
GRND,13.03,25.13,48.15,2315.8,1415.2,18.44,,,,,,16.55,11.18,Y,
BTDR,14.48,27.8,47.9,3524.4,7347.8,106.43,Technology,Software - Application,,,,69.42,8.55,Y,
KSS,12.98,24.84,47.74,1457.0,5034.3,65.35,Consumer Cyclical,Department Stores,,,,-23.61,16.99,,
DOCU,49.6,94.67,47.6,9637.8,4219.3,209.3,Technology,Software - Application,,,,14.67,43.26,Y,
U,27.4,52.15,47.46,11961.1,13456.1,368.7,Technology,Software - Application,,,,47.47,18.58,Y,
BSX,57.76,109.5,47.25,85859.3,16328.5,943.21,Healthcare,Medical Devices,SP500,,,-21.39,73.48,,
WWW,17.08,32.3,47.11,1400.8,1165.5,19.91,Consumer Cyclical,Footwear & Accessories,,,,-4.71,17.93,,
FND,49.01,92.4,46.96,5297.7,2895.1,141.89,Consumer Cyclical,Home Improvement Retail,,,,-28.46,68.51,,
FOXF,16.6,31.18,46.74,696.3,659.6,10.95,Consumer Cyclical,Auto Parts,,,,-12.7,19.02,,
LYFT,13.69,25.54,46.42,5196.0,16060.4,219.79,Technology,Software - Application,,,,2.13,13.4,Y,
JOBY,11.3,20.95,46.09,11110.2,26505.5,299.38,Industrials,Airports & Air Services,,,,15.02,9.82,Y,
ALKT,17.12,31.18,45.08,1832.7,1855.8,31.78,Technology,Software - Application,,,,4.61,16.37,,
PBH,48.05,87.12,44.85,2276.2,598.5,28.76,Healthcare,Drug Manufacturers - Specialty & Generic,,,,-30.74,69.38,,
BBWI,18.26,33.03,44.71,3677.2,5851.2,106.84,Consumer Cyclical,Specialty Retail,,,,-19.45,22.67,,
CMG,32.33,58.42,44.67,41464.4,15788.8,510.37,Consumer Cyclical,Restaurants,SP500,,,-13.8,37.5,,
CALX,39.51,71.22,44.53,2519.7,936.6,37.0,Technology,Software - Infrastructure,,,,-22.65,51.07,,
FSK,10.99,19.81,44.49,3079.3,4390.0,48.27,Financial Services,Asset Management,,,,-13.4,12.7,,
PYPL,44.12,79.08,44.21,38914.1,16422.7,724.49,Financial Services,Credit Services,Nasdaq100|SP500,,,-6.49,47.18,,
BSY,32.94,58.97,44.14,10007.1,2854.3,94.02,Technology,Software - Application,,,,1.59,32.42,,
CSIQ,19.33,34.59,44.12,1310.9,2820.3,54.52,Technology,Solar,,,,-4.64,20.27,,
LIFE,18.18,32.5,44.06,1145.2,542.6,9.86,Financial Services,Insurance Brokers,,,,53.55,11.84,Y,
ARX,17.47,31.18,43.99,3810.9,1276.2,22.29,,,,,,70.56,10.24,Y,
OTF,10.84,19.34,43.97,5012.7,2190.1,23.73,Financial Services,Asset Management,,,,-2.6,11.12,,
OFRM,15.27,27.0,43.44,639.8,541.8,8.27,Consumer Defensive,Packaged Foods,,,,-31.83,22.4,,
ARE,47.86,84.26,43.2,8340.5,2396.0,114.67,Real Estate,REIT - Office,SP500,,,-10.07,53.22,,
ORLA,12.52,21.98,43.06,4330.1,2743.7,34.34,Basic Materials,Gold,,,,-37.24,19.94,,
ESTC,54.72,96.07,43.05,5663.1,2047.7,112.04,Technology,Software - Application,,Y,,-5.66,58.0,,
PATH,11.32,19.84,42.94,5891.4,32268.5,365.28,Technology,Software - Infrastructure,,Y,,13.88,9.94,,
LMND,57.2,99.9,42.74,4394.1,1841.8,105.35,Financial Services,Insurance - Property & Casualty,,,,10.32,51.85,,
OPCH,21.11,36.8,42.64,3314.9,2871.3,60.61,Healthcare,Medical Care Facilities,,,,-37.17,33.6,,
PCOR,47.52,82.32,42.27,7170.3,2432.7,115.6,Technology,Software - Application,,,,-10.0,52.8,,
QBTS,27.05,46.75,42.14,10020.5,30388.4,822.0,Technology,Computer Hardware,,,,37.66,19.65,Y,
SBSW,11.98,20.69,42.1,8666.0,5591.8,66.99,Basic Materials,Other Precious Metals & Mining,,,,-26.49,16.3,,
PAY,23.22,40.02,41.99,2920.2,561.5,13.03,Technology,Software - Infrastructure,,,,-3.99,24.18,,
TREX,39.9,68.78,41.99,4145.6,1957.9,78.12,Industrials,Building Products & Equipment,,,,-4.32,41.7,,
IE,12.53,21.55,41.86,1983.4,2079.9,26.06,Basic Materials,Copper,,,,-23.64,16.41,,
KEP,13.69,23.41,41.54,17570.6,831.5,11.38,Utilities,Utilities - Regulated Electric,,,,-40.24,22.9,,
NOMD,10.24,17.33,40.89,1432.2,1709.9,17.52,Consumer Defensive,Packaged Foods,,,,-15.39,12.11,,
FRPT,51.04,86.31,40.86,2508.2,1661.9,84.82,Consumer Defensive,Packaged Foods,,,,-35.9,79.63,,
MRAM,30.48,51.5,40.82,714.7,2501.7,76.25,Technology,Semiconductors,,,,166.67,11.43,Y,
EQPT,21.01,35.5,40.8,5303.7,1888.0,39.68,Industrials,Rental & Leasing Services,,,,-29.41,29.77,,
XPEV,16.74,28.24,40.73,15994.5,6703.4,112.18,Consumer Cyclical,Auto Manufacturers,,,,-7.95,18.18,,
OTEX,23.22,39.15,40.69,5634.6,2107.7,48.94,Technology,Software - Application,,,,-4.13,24.22,,
IP,31.86,53.57,40.51,16873.1,6859.6,218.58,Consumer Cyclical,Packaging & Containers,SP500,,,-25.93,43.02,,
FBIN,38.33,64.07,40.17,4572.5,2851.5,109.3,Industrials,Building Products & Equipment,,,,-28.78,53.82,,
HROW,32.85,54.85,40.11,1224.5,857.7,28.18,Healthcare,Drug Manufacturers - Specialty & Generic,,,,-38.53,53.44,,
RELX,32.94,54.95,40.07,58220.3,3199.1,105.36,Industrials,Specialty Business Services,,,,2.72,32.06,Y,
TCOM,47.4,78.99,39.99,29848.0,2900.7,137.49,Consumer Cyclical,Travel Services,,,,-11.67,53.66,,
AMPH,18.79,31.26,39.89,828.5,630.9,11.85,Healthcare,Drug Manufacturers - Specialty & Generic,,,,-32.82,27.97,,
WGO,29.88,49.63,39.8,844.5,658.2,19.67,Consumer Cyclical,Recreational Vehicles,,,,-28.48,41.78,,
MIR,18.36,30.28,39.36,4491.9,3590.7,65.93,Industrials,Specialty Industrial Machinery,,,,-14.56,21.49,,
AEO,17.08,28.14,39.31,2861.4,5336.5,91.15,Consumer Cyclical,Apparel Retail,,,,-28.47,23.88,,
AGIO,27.94,46.0,39.26,1661.6,1023.5,28.6,Healthcare,Biotechnology,,,,-6.74,29.96,,
CXT,41.78,68.54,39.05,2403.8,741.1,30.96,Industrials,Specialty Industrial Machinery,,,,-17.82,50.83,,
VERA,34.29,56.05,38.82,2461.4,1180.3,40.47,Healthcare,Biotechnology,,,,-17.73,41.68,,
TPG,41.96,68.57,38.81,6732.6,3100.1,130.07,Financial Services,Asset Management,,,,-4.83,44.09,,
QGEN,35.43,57.82,38.72,7307.4,2019.7,71.56,Healthcare,Diagnostics & Research,,,,-27.13,48.62,,
PZZA,32.95,53.66,38.6,1084.1,1296.8,42.73,Consumer Cyclical,Restaurants,,,,-1.29,33.38,,
GME,22.0,35.81,38.55,9873.5,7316.6,161.0,Consumer Cyclical,Specialty Retail,,,,-9.15,24.22,,
MKC,46.72,75.94,38.47,12561.7,4062.0,189.8,Consumer Defensive,Packaged Foods,SP500,,,-31.71,68.42,,
PSN,55.22,89.5,38.3,5907.4,1264.6,69.83,Technology,Information Technology Services,,,,-15.28,65.18,,
MAN,28.56,46.15,38.12,1328.2,1136.4,32.46,Industrials,Staffing & Employment Services,,,,10.57,25.83,Y,
RVLV,19.6,31.68,38.12,1402.8,1129.0,22.13,,,,,,-19.52,24.36,,
MOS,22.86,36.94,38.1,7267.6,10029.9,229.33,Basic Materials,Agricultural Inputs,SP500,,,-13.67,26.49,,
BILL,35.48,57.21,37.98,3533.7,2087.9,74.08,Technology,Software - Application,,,,-17.87,43.2,,
BRSL,11.17,18.0,37.95,2065.6,1392.0,15.55,Consumer Cyclical,Gambling,,,,-17.75,13.58,,
NCLH,16.88,27.18,37.9,7749.8,23012.2,388.45,Consumer Cyclical,Travel Services,SP500,,,-29.11,23.81,,
AG,19.9,32.01,37.83,9826.0,16962.3,337.55,Basic Materials,Silver,,,,-32.26,29.38,,
XNCR,11.65,18.69,37.67,863.7,852.6,9.93,Healthcare,Biotechnology,,,,-2.75,11.98,,
KBR,33.63,53.75,37.43,4263.9,1650.8,55.51,Industrials,Engineering & Construction,,,,-17.22,40.63,,
CAG,13.31,21.25,37.34,6370.4,14768.5,196.64,Consumer Defensive,Packaged Foods,SP500,,,-26.88,18.21,,
MARA,14.7,23.45,37.31,5604.7,46992.1,690.78,Financial Services,Capital Markets,,,,71.53,8.57,Y,
RDNT,54.09,85.84,36.99,4253.3,866.4,46.86,Healthcare,Diagnostics & Research,,,,-22.74,70.01,,
EGO,32.19,51.08,36.98,8386.7,3042.9,97.95,Basic Materials,Gold,,,,-27.38,44.33,,
CRNX,36.58,57.99,36.92,3857.0,1194.9,43.71,Healthcare,Biotechnology,,,,-15.69,43.39,,
BTU,25.88,41.01,36.89,3153.1,3412.3,88.31,Energy,Thermal Coal,,,,-21.21,32.85,,
HDB,24.92,39.32,36.61,127891.3,9569.9,238.48,Financial Services,Banks - Regional,,,,-22.49,32.15,,
POET,13.22,20.81,36.5,2280.8,34624.3,457.56,Technology,Semiconductors,,,,107.78,6.36,Y,
SLM,21.89,34.44,36.45,4128.3,3654.5,80.0,Financial Services,Credit Services,,,,8.02,20.26,Y,
LWLG,11.93,18.71,36.24,1838.2,7930.9,94.62,Basic Materials,Specialty Chemicals,,,,171.14,4.4,Y,
SAIL,15.98,24.95,35.95,9064.0,3211.2,51.31,Technology,Software - Infrastructure,,,,19.52,13.37,,
TRMB,56.28,87.5,35.67,13120.7,1961.9,110.43,Technology,Scientific & Technical Instruments,SP500,,,-16.17,67.14,,
IOT,31.2,48.4,35.54,18180.6,6675.7,208.28,Technology,Software - Infrastructure,,,,13.7,27.44,,
EPC,17.74,27.51,35.51,817.5,774.3,13.74,Consumer Defensive,Household & Personal Products,,,,-20.24,22.24,,
CRSP,51.01,78.48,35.0,4920.3,1898.9,96.87,Healthcare,Biotechnology,,,,-7.58,55.2,,
PAX,11.29,17.36,34.95,1801.1,925.8,10.45,Financial Services,Asset Management,,,,-14.33,13.18,,
ONON,39.99,61.29,34.76,13328.2,7102.1,283.98,Consumer Cyclical,Footwear & Accessories,,,,-14.29,46.65,,
ARQT,20.8,31.77,34.55,2601.1,1553.8,32.31,Healthcare,Biotechnology,,,,-23.01,27.01,,
APTV,58.24,88.93,34.52,12323.7,2933.9,170.86,Consumer Cyclical,Auto Parts,SP500,,,-23.82,76.44,,
EVER,18.87,28.73,34.32,667.5,919.2,17.35,Communication Services,Internet Content & Information,,,,15.84,16.29,Y,
STVN,18.4,28.0,34.29,5023.3,551.7,10.15,Healthcare,Medical Instruments & Supplies,,,,20.26,15.3,Y,
DSGN,11.35,17.25,34.17,709.2,604.9,6.87,Healthcare,Biotechnology,,,,3.51,10.97,Y,
ALK,43.38,65.88,34.16,4833.2,4430.7,192.18,Industrials,Airlines,,,,-20.15,54.32,,
ARLO,13.16,19.94,34.0,1429.3,1476.6,19.43,Industrials,Building Products & Equipment,,,,10.5,11.91,,
SIBN,14.45,21.89,33.99,640.8,708.5,10.24,Healthcare,Medical Devices,,,,-8.54,15.8,,
RUN,14.82,22.44,33.96,3535.3,9927.2,147.12,Technology,Solar,,,,-24.19,19.55,,
CNNE,14.08,21.31,33.93,618.7,649.1,9.14,Consumer Cyclical,Restaurants,,,,12.4,12.53,Y,
REZI,29.93,45.29,33.91,4532.2,1358.4,40.66,Industrials,Industrial Distribution,,,,-26.75,40.86,,
GOLD,43.77,66.14,33.82,1269.5,602.7,26.38,Financial Services,Capital Markets,,,,-21.7,55.9,,
ALHC,15.8,23.87,33.81,3266.4,4413.2,69.73,Healthcare,Healthcare Plans,,,,-21.51,20.13,,
EQX,12.6,18.92,33.38,9946.8,9333.7,117.65,Basic Materials,Gold,,,,-30.25,18.07,,
TECH,47.92,71.93,33.38,7502.8,2535.6,121.51,Healthcare,Biotechnology,SP500,,,-17.04,57.76,,
BRZE,25.14,37.67,33.28,2809.7,3035.6,76.3,Technology,Software - Application,,,,42.89,17.59,Y,
ONDS,10.19,15.28,33.28,5082.1,72801.2,742.21,Technology,Communication Equipment,,,,-1.02,10.3,,
ATRC,28.87,43.18,33.14,1462.0,706.3,20.39,Healthcare,Medical Instruments & Supplies,,,,-7.44,31.19,,
GLXY,30.71,45.92,33.12,5880.7,5273.8,161.96,Financial Services,Capital Markets,,,,34.52,22.83,Y,
BROS,52.16,77.88,33.03,7156.0,4173.9,217.71,Consumer Cyclical,Restaurants,,,,2.58,50.85,Y,
STNE,11.04,16.48,33.01,2685.2,5927.0,65.43,Technology,Software - Infrastructure,,,,-20.78,13.94,,
ADPT,13.92,20.76,32.95,2227.8,1876.9,26.13,Healthcare,Diagnostics & Research,,,,-14.13,16.21,,
CG,45.9,68.44,32.93,16522.8,3343.8,153.48,Financial Services,Asset Management,,,,-10.31,51.17,,
AVEX,28.46,42.34,32.79,1444.1,3120.3,88.8,Industrials,Aerospace & Defense,,,,5.68,26.93,,
SLGN,37.8,56.23,32.78,3994.7,805.2,30.44,Consumer Cyclical,Packaging & Containers,,,,-20.64,47.63,,
PS,36.94,54.94,32.77,14774.0,1020.4,37.69,Financial Services,Asset Management,,,,52.62,24.2,Y,
UEC,13.68,20.34,32.77,6703.8,9297.3,127.14,Energy,Uranium,,,Y,-12.51,15.63,,
AVTX,16.33,24.27,32.69,858.7,1427.2,23.31,Healthcare,Biotechnology,,,,-3.09,16.85,,
HRB,38.47,56.98,32.48,4877.1,2431.1,93.53,Consumer Cyclical,Personal Services,,,,27.77,30.11,Y,
GFI,40.45,59.9,32.47,36179.2,3257.6,131.77,Basic Materials,Gold,,,,-28.45,56.53,,
VG,13.13,19.4,32.28,32631.5,27491.4,361.09,Energy,Oil & Gas Midstream,,,,41.28,9.3,Y,
MAT,15.26,22.48,32.14,4432.6,4610.9,70.34,Consumer Cyclical,Leisure,,,,-9.47,16.85,,
MBX,31.35,45.85,31.62,1492.2,573.7,17.99,Healthcare,Biotechnology,,,,-12.04,35.64,,
LKQ,26.87,39.29,31.61,6846.2,2878.9,77.36,Consumer Cyclical,Auto Parts,,,,-16.05,32.01,,
SLG,43.92,64.19,31.58,3123.8,1284.2,56.4,Real Estate,REIT - Office,,,,18.2,37.16,Y,
UPBD,18.15,26.4,31.25,1058.0,842.8,15.3,Technology,Software - Application,,,,-13.9,21.08,,
HRL,20.92,30.34,31.06,11511.9,4665.3,97.6,Consumer Defensive,Packaged Foods,SP500,,,-16.17,24.95,,
HSAI,21.3,30.85,30.96,3347.1,1856.4,39.54,Consumer Cyclical,Auto Parts,,,,-21.05,26.98,,
DRVN,13.63,19.74,30.95,2248.0,2268.8,30.92,Consumer Cyclical,Auto & Truck Dealerships,,,,17.5,11.6,Y,
GFL,35.6,51.49,30.86,12850.6,2172.9,77.36,Industrials,Waste Management,,,,-15.75,42.25,,
AEVA,27.0,38.8,30.41,1702.2,1778.5,48.02,Technology,Software - Infrastructure,,,,97.96,13.64,Y,
GDS,33.92,48.61,30.21,6797.8,1910.5,64.81,Technology,Information Technology Services,,,,-24.59,44.99,,
VTS,17.81,25.28,29.55,742.9,557.6,9.93,Energy,Oil & Gas E&P,,,,-17.66,21.63,,
SBH,12.64,17.92,29.49,1205.5,1493.2,18.87,Consumer Cyclical,Specialty Retail,,,,-21.18,16.03,,
HTFL,29.07,41.22,29.48,2507.0,1281.2,37.25,Healthcare,Health Information Services,,,,26.39,23.0,Y,
TNGX,20.1,28.41,29.25,2907.4,3388.4,68.11,Healthcare,Biotechnology,,,,59.14,12.63,Y,
VKTX,30.53,43.15,29.24,3545.3,2272.6,69.39,Healthcare,Biotechnology,,,,-7.8,33.12,,
DT,40.83,57.55,29.05,11901.0,7331.1,299.33,Technology,Software - Application,,,,16.19,35.14,Y,
CARG,27.98,39.42,29.03,2523.0,1265.0,35.39,Consumer Cyclical,Auto & Truck Dealerships,,,,-7.55,30.26,,
SLDE,18.52,25.9,28.49,2121.6,2048.1,37.93,Financial Services,Insurance - Property & Casualty,,,,-4.98,19.49,,
PCT,12.45,17.37,28.3,2252.7,4964.0,61.83,Industrials,Pollution & Treatment Controls,,,,40.42,8.87,Y,
KC,13.28,18.52,28.29,3975.6,1457.2,19.35,Technology,Software - Application,,,,2.55,12.95,Y,
GXO,48.01,66.85,28.18,5523.5,1319.7,63.36,Industrials,Integrated Freight & Logistics,,,,-24.74,63.79,,
AGI,39.78,55.37,28.15,16706.2,3434.0,136.61,Basic Materials,Gold,,,,-20.41,49.98,,
KBH,48.79,67.81,28.05,3054.3,1162.4,56.71,Consumer Cyclical,Residential Construction,,,,-22.24,62.74,,
TENB,25.74,35.69,27.88,2838.4,3297.1,84.87,Technology,Software - Infrastructure,,,,35.47,19.0,Y,
CNH,10.19,14.13,27.87,12641.3,15549.0,158.52,Industrials,Farm & Heavy Construction Machinery,,,,-16.65,12.23,,
CAPR,29.14,40.37,27.82,1687.6,1245.8,36.3,Healthcare,Biotechnology,,,,2.79,28.35,Y,
CNM,48.5,67.18,27.81,9124.9,2538.5,123.12,Industrials,Industrial Distribution,,,,-10.53,54.21,,
ERO,28.79,39.8,27.66,3002.2,1218.9,35.09,Basic Materials,Copper,,,,-16.24,34.37,,
DEI,11.7,16.16,27.61,1959.6,2449.4,28.66,Real Estate,REIT - Office,,,,15.61,10.12,Y,
CTRI,31.17,42.99,27.49,3146.1,1460.9,45.54,Utilities,Utilities - Regulated Gas,,,,1.63,30.67,Y,
AMLX,13.59,18.6,26.96,1511.0,1099.6,14.94,Healthcare,Drug Manufacturers - Specialty & Generic,,,,-5.43,14.37,,
WSE,12.76,17.47,26.96,12763.4,1309.4,16.71,Technology,Information Technology Services,,,,-17.14,15.4,,
ACI,16.12,22.02,26.76,7974.4,6423.6,103.58,Consumer Defensive,Grocery Stores,,,,-7.97,17.52,,
JKS,23.36,31.88,26.73,1223.4,684.4,15.99,Technology,Solar,,,,-14.05,27.18,,
ALMS,22.43,30.6,26.7,2859.6,1297.0,29.09,Healthcare,Biotechnology,,,,-23.68,29.39,,
EDU,47.08,64.22,26.68,7849.6,777.7,36.62,Consumer Defensive,Education & Training Services,,,,-16.31,56.26,,
SONY,22.3,30.34,26.52,131720.2,6261.4,139.6,Technology,Consumer Electronics,,,,4.13,21.41,Y,
VIPS,14.89,20.24,26.46,7148.8,2261.3,33.66,Consumer Cyclical,Internet Retail,,,,-12.66,17.04,,
PWP,19.01,25.84,26.43,1386.6,957.2,18.2,Financial Services,Capital Markets,,,,-1.81,19.36,,
VFC,16.39,22.27,26.43,6419.1,6992.6,114.57,Consumer Cyclical,Apparel Manufacturing,,,,-15.71,19.44,,
XP,17.05,23.13,26.29,8809.3,5596.8,95.42,Financial Services,Capital Markets,,,,-23.68,22.34,,
GCT,38.28,51.86,26.19,1393.8,774.6,29.65,Technology,Software - Infrastructure,,,,8.41,35.31,,
GMRS,11.1,15.0,25.97,599.9,2670.7,29.66,Healthcare,Medical Care Facilities,,,,-20.57,13.98,,
BV,12.67,17.1,25.93,1180.8,586.9,7.44,,,,,,-10.27,14.12,,
LC,16.05,21.67,25.93,1851.4,2056.9,33.01,Financial Services,Banks - Regional,,,,-0.31,16.1,,
RVI,57.4,77.39,25.83,1564.0,848.0,48.68,Financial Services,Asset Management,,,,173.33,21.0,Y,
NMRK,14.6,19.68,25.79,2592.8,1640.7,23.96,Real Estate,Real Estate Services,,,,0.29,14.56,Y,
ATMU,49.41,66.5,25.7,4035.4,1221.4,60.35,Consumer Cyclical,Auto Parts,,,,-23.58,64.66,,
HRMY,30.38,40.87,25.68,1758.5,793.8,24.11,Healthcare,Biotechnology,,,,7.75,28.19,Y,
IDYA,29.25,39.28,25.53,2569.9,1152.4,33.71,Healthcare,Biotechnology,,,,-7.64,31.67,,
BIRK,42.6,57.2,25.52,7834.4,2437.3,103.83,Consumer Cyclical,Footwear & Accessories,,,,7.41,39.66,,
SW,38.52,51.63,25.39,20202.4,5372.8,206.96,Consumer Cyclical,Packaging & Containers,SP500,,,-15.25,45.45,,
KT,18.35,24.58,25.33,8802.0,1430.8,26.26,Communication Services,Telecom Services,,,,-24.56,24.33,,
KGC,29.14,39.01,25.31,34790.4,9093.9,264.95,Basic Materials,Gold,,,,-18.95,35.95,,
ACAD,21.19,28.35,25.26,3628.5,1864.2,39.5,Healthcare,Biotechnology,,,,-15.14,24.97,,
GLUE,19.26,25.77,25.26,1627.1,994.6,19.16,Healthcare,Biotechnology,,,,6.47,18.09,Y,
GGAL,45.29,60.49,25.12,7674.5,1125.4,50.97,Financial Services,Banks - Regional,,,,-4.29,47.32,,
VCEL,34.51,45.97,24.93,1762.4,656.8,22.67,Healthcare,Biotechnology,,,,-6.96,37.09,,
TFPM,31.35,41.7,24.82,6477.0,616.3,19.32,Basic Materials,Other Precious Metals & Mining,,,,-21.3,39.83,,
CC,21.48,28.57,24.81,3230.1,3137.7,67.4,Basic Materials,Specialty Chemicals,,,,20.24,17.86,Y,
SKE,29.17,38.77,24.76,3619.5,769.9,22.46,Basic Materials,Other Industrial Metals & Mining,,,,-19.88,36.41,,
PCVX,48.97,65.0,24.66,7071.2,1414.6,69.27,Healthcare,Biotechnology,,,,-22.32,63.04,,
AMSC,53.13,70.49,24.63,2529.6,1108.8,58.91,Industrials,Specialty Industrial Machinery,,,,53.2,34.68,Y,
DNOW,13.02,17.26,24.59,2375.8,3309.3,43.07,Industrials,Industrial Distribution,,,,11.43,11.68,Y,
CMCSA,24.89,32.98,24.55,88894.9,32244.3,802.4,Communication Services,Telecom Services,Nasdaq100|SP500,,,-18.24,30.44,,
EQH,42.08,55.59,24.3,11846.3,3993.3,168.04,Financial Services,Asset Management,,,,3.07,40.83,Y,
NOG,23.28,30.71,24.21,2462.8,2777.7,64.66,Energy,Oil & Gas E&P,,,,-10.78,26.09,,
HOG,23.27,30.68,24.14,2449.6,3470.6,80.76,,,,,,25.89,18.48,Y,
ARIS,17.67,23.29,24.13,3647.1,1703.7,30.1,Basic Materials,Gold,,,,-20.12,22.12,,
OR,36.42,47.99,24.1,6828.6,1079.6,39.32,Basic Materials,Gold,,,,-20.39,45.75,,
YUMC,44.07,58.07,24.1,15470.1,1532.0,67.52,Consumer Cyclical,Restaurants,,,,-21.47,56.12,,
YSS,33.83,44.54,24.05,4387.6,2124.6,71.88,Industrials,Aerospace & Defense,,,,27.85,26.46,Y,
FMS,21.7,28.56,24.0,11658.4,639.1,13.87,Healthcare,Medical Care Facilities,,,,-0.31,21.77,,
STOK,30.58,40.22,23.97,1904.6,704.0,21.53,Healthcare,Biotechnology,,,,-13.86,35.5,,
AVO,11.81,15.53,23.95,836.7,917.7,10.84,Consumer Defensive,Food Distribution,,,,-18.21,14.44,,
GMAB,26.99,35.43,23.82,16570.7,1792.2,48.37,Healthcare,Biotechnology,,,,-7.85,29.29,,
CART,40.81,53.5,23.72,9591.6,4061.9,165.77,Consumer Cyclical,Internet Retail,,,,11.66,36.55,Y,
COGT,33.48,43.73,23.44,5720.7,1991.3,66.67,Healthcare,Biotechnology,,,,-16.24,39.97,,
ACHC,23.12,30.2,23.43,2126.6,3245.9,75.06,Healthcare,Medical Care Facilities,,,,10.96,20.84,Y,
CRBG,27.3,35.65,23.43,12466.5,5925.2,161.73,Financial Services,Asset Management,,,,0.31,27.21,Y,
KVUE,17.58,22.93,23.32,33763.4,21263.3,373.92,Consumer Defensive,Household & Personal Products,SP500,,,-5.18,18.55,,
AMPX,17.54,22.8,23.07,2484.1,9267.6,162.55,Industrials,Electrical Equipment & Parts,,,,58.59,11.06,Y,
PMT,10.27,13.35,23.03,896.0,1080.6,11.1,Real Estate,REIT - Mortgage,,,,-12.23,11.71,,
ZVRA,10.13,13.16,23.02,598.8,1273.9,12.9,,,,,,13.44,8.93,Y,
SVM,12.15,15.77,22.95,2683.2,4291.1,52.14,Basic Materials,Silver,,,,-7.46,13.13,,
AMCR,38.76,50.28,22.92,17918.2,5300.3,205.41,Consumer Cyclical,Packaging & Containers,SP500,,,-20.62,48.82,,
AMRZ,50.36,65.29,22.87,27876.1,2874.4,144.76,Basic Materials,Building Materials,,,,-19.77,62.77,,
NVST,23.5,30.42,22.75,3824.1,2845.0,66.86,Healthcare,Medical Instruments & Supplies,,,,-20.58,29.59,,
ABM,39.9,51.62,22.7,2335.5,531.0,21.19,Industrials,Specialty Business Services,,,,-8.17,43.45,,
PBF,40.13,51.83,22.56,4748.3,3637.9,146.01,Energy,Oil & Gas Refining & Marketing,,,,15.48,34.75,,
TBPH,16.3,21.03,22.52,840.1,593.1,9.66,Healthcare,Biotechnology,,,,-14.51,19.06,,
UMAC,18.11,23.38,22.52,865.8,4646.6,84.17,Technology,Computer Hardware,,,,34.78,13.44,,
AHCO,10.41,13.43,22.49,1416.3,1503.1,15.65,Healthcare,Medical Devices,,,,11.58,9.33,Y,
OSPN,13.49,17.39,22.45,500.1,614.5,8.29,Technology,Software - Infrastructure,,,,23.92,10.89,Y,
UL,57.15,73.7,22.45,124156.1,4475.5,255.8,Consumer Defensive,Household & Personal Products,,,,-20.57,71.96,,
PAYP,19.34,24.89,22.3,13090.7,2038.1,39.42,Technology,Software - Infrastructure,,,,6.5,18.16,,
SARO,26.86,34.48,22.1,8930.2,4205.9,112.97,Industrials,Aerospace & Defense,,,,-12.88,30.83,,
ZETA,19.4,24.9,22.09,4835.6,7886.7,153.0,Technology,Software - Infrastructure,,,,8.68,17.85,Y,
FG,27.9,35.79,22.05,3696.3,773.6,21.58,Financial Services,Insurance - Life,,,,21.01,23.06,Y,
ACIW,42.47,54.28,21.76,4317.6,797.9,33.89,Technology,Software - Infrastructure,,,,2.39,41.48,Y,
BKD,13.38,17.09,21.74,3194.2,3457.7,46.25,Healthcare,Medical Care Facilities,,,,-11.54,15.12,,
SPTX,18.01,23.0,21.7,955.0,651.6,11.73,Healthcare,Biotechnology,,,,-9.22,19.84,,
NSSC,37.48,47.79,21.58,1339.1,578.3,21.68,,,,,,-20.36,47.06,,
CNK,26.44,33.69,21.51,3087.9,2075.6,54.88,Communication Services,Entertainment,,,,2.01,25.92,,
LNC,35.91,45.74,21.49,6866.5,2149.3,77.18,Financial Services,Insurance - Life,,,,1.03,35.55,Y,
HELE,26.5,33.73,21.45,616.2,653.2,17.31,Consumer Defensive,Household & Personal Products,,,,56.59,16.92,Y,
LXU,13.53,17.22,21.44,973.2,1659.6,22.45,Basic Materials,Chemicals,,,,35.0,10.02,Y,
HAYW,13.94,17.73,21.38,3024.5,2527.0,35.23,Industrials,Electrical Equipment & Parts,,,,-7.0,14.99,,
AVNT,35.03,44.49,21.26,3212.6,704.4,24.68,Basic Materials,Specialty Chemicals,,,,-15.24,41.33,,
NXE,11.01,13.96,21.17,7284.3,6788.3,74.71,Energy,Uranium,,,Y,-14.16,12.82,,
GEN,24.93,31.6,21.11,15018.7,7423.2,185.06,Technology,Software - Infrastructure,SP500,,,12.44,22.17,Y,
AXIA,10.69,13.54,21.05,24042.1,2575.3,27.53,Utilities,Utilities - Renewable,,,,-11.73,12.11,,
NRIX,17.78,22.5,20.96,1839.1,1103.1,19.62,Healthcare,Biotechnology,,,,12.63,15.79,Y,
XE,29.35,37.1,20.89,11515.5,8569.8,251.52,Industrials,Specialty Industrial Machinery,,,,0.51,29.2,,
HTHT,43.69,55.19,20.85,13434.2,1866.7,81.55,Consumer Cyclical,Lodging,,,,-17.77,53.13,,
YSWY,23.03,29.08,20.8,1455.4,812.2,18.7,Consumer Defensive,Grocery Stores,,,,8.48,21.23,Y,
HE,13.78,17.38,20.71,2378.9,2143.3,29.53,Utilities,Utilities - Regulated Electric,,,,-12.67,15.78,,
HUBG,42.11,53.07,20.65,2575.2,775.7,32.66,Industrials,Integrated Freight & Logistics,,,,2.68,41.01,Y,
MICC,15.85,19.93,20.48,9712.7,1545.9,24.5,Consumer Defensive,Packaged Foods,,,,-1.56,16.1,,
CCL,26.78,33.67,20.46,37094.0,28784.5,770.85,Consumer Cyclical,Travel Services,SP500,,,-15.0,31.51,,
BEKE,16.43,20.6,20.21,18340.3,4609.2,75.75,Real Estate,Real Estate Services,,,,-5.0,17.3,,
AMRC,35.87,44.93,20.18,1899.1,566.7,20.33,Industrials,Engineering & Construction,,,,9.14,32.86,Y,
TDS,39.23,49.12,20.13,4466.3,881.3,34.58,Communication Services,Telecom Services,,,,-13.4,45.3,,
MAIN,51.32,64.2,20.06,4772.2,839.4,43.08,Financial Services,Asset Management,,,,-11.26,57.83,,
WYFI,32.58,40.75,20.05,1258.1,1222.2,39.82,Technology,Information Technology Services,,,,75.54,18.56,Y,
SUPN,47.72,59.68,20.04,2769.7,683.9,32.64,Healthcare,Drug Manufacturers - Specialty & Generic,,,,-15.27,56.32,,
TDC,33.47,41.78,19.89,3149.5,2063.8,69.08,Technology,Software - Infrastructure,,,,10.06,30.41,Y,
AR,36.7,45.75,19.78,11371.0,5523.6,202.72,Energy,Oil & Gas E&P,,,,6.66,34.41,,
ALM,19.59,24.41,19.75,5558.5,5490.2,107.55,Basic Materials,Other Industrial Metals & Mining,,,,17.31,16.7,Y,
VIV,13.35,16.63,19.69,21338.7,1020.5,13.63,Communication Services,Telecom Services,,,,-15.55,15.81,,
OBE,11.74,14.59,19.53,784.0,1073.4,12.6,Energy,Oil & Gas E&P,,,,57.37,7.46,Y,
GAP,23.51,29.15,19.34,8591.0,7814.0,183.75,Consumer Cyclical,Apparel Retail,,,,-12.87,26.99,,
ADEA,27.65,34.28,19.33,3049.5,1508.0,41.69,Technology,Software - Application,,,,34.18,20.61,Y,
WSC,25.47,31.57,19.32,4609.9,2585.7,65.86,Industrials,Rental & Leasing Services,,,,16.85,21.8,Y,
ROL,53.04,65.72,19.28,25539.2,2832.9,150.27,Consumer Cyclical,Personal Services,SP500,,,-9.98,58.93,,
ELAN,22.39,27.72,19.25,11180.2,5665.1,126.81,Healthcare,Drug Manufacturers - Specialty & Generic,,,,-16.6,26.84,,
BRUN,25.45,31.5,19.19,1563.7,717.8,18.27,Technology,Software - Infrastructure,,,,137.9,10.7,Y,
IMNM,22.37,27.65,19.1,2533.4,1171.2,26.2,Healthcare,Biotechnology,,,,1.04,22.14,Y,
CNX,35.29,43.62,19.09,4993.5,2095.7,73.97,Energy,Oil & Gas E&P,,,,-8.89,38.74,,
SONO,16.06,19.82,18.97,1913.2,1425.6,22.9,Technology,Consumer Electronics,,,,4.29,15.4,Y,
VVV,33.53,41.33,18.86,4276.9,2033.3,68.19,Consumer Cyclical,Auto & Truck Dealerships,,,,-11.84,38.04,,
MRNA,48.33,59.55,18.83,19178.7,7471.0,361.11,Healthcare,Biotechnology,SP500,,,-5.91,51.37,,
DNLI,19.3,23.77,18.81,3063.1,1745.0,33.68,Healthcare,Biotechnology,,,,-13.41,22.29,,
VET,12.06,14.82,18.62,1847.6,2268.8,27.36,Energy,Oil & Gas E&P,,,,16.15,10.38,Y,
AAP,56.12,68.94,18.6,3385.4,1679.0,94.22,Consumer Cyclical,Auto Parts,,,,11.75,50.22,Y,
AGRO,12.83,15.75,18.55,1851.5,1623.7,20.83,Consumer Defensive,Farm Products,,,,44.29,8.89,Y,
BIPC,41.75,51.25,18.54,5134.6,1164.9,48.63,Utilities,Utilities - Regulated Gas,,,,-14.53,48.84,,
GEO,22.73,27.9,18.53,3037.1,2159.0,49.07,Industrials,Security & Protection Services,,,,54.42,14.72,Y,
OBDC,11.26,13.83,18.53,5590.0,5170.9,58.24,Financial Services,Asset Management,,,,-2.1,11.51,,
CGAU,17.19,21.05,18.33,3413.7,1889.3,32.48,Basic Materials,Gold,,,,-9.86,19.07,,
PENN,16.84,20.61,18.29,2253.9,4139.1,69.7,Consumer Cyclical,Resorts & Casinos,,,,34.29,12.54,Y,
DEC,15.45,18.9,18.23,1117.7,1080.3,16.7,Energy,Oil & Gas Integrated,,,,20.99,12.77,Y,
BEAM,29.8,36.44,18.22,3065.8,2093.5,62.38,Healthcare,Biotechnology,,,,0.64,29.61,Y,
GENB,13.72,16.75,18.12,1758.2,614.2,8.42,Healthcare,Biotechnology,,,,8.42,12.65,Y,
TEX,58.47,71.31,18.02,6677.7,1304.1,76.24,Industrials,Farm & Heavy Construction Machinery,,,,-14.04,68.01,,
CRNC,11.27,13.74,17.96,509.3,832.7,9.38,Technology,Software - Application,,Y,,46.36,7.7,Y,
NWSA,25.84,31.48,17.91,14108.2,4346.2,112.31,Communication Services,Entertainment,SP500,,,10.04,23.48,Y,
TYRA,33.37,40.65,17.91,1984.5,1047.1,34.94,Healthcare,Biotechnology,,,,-3.28,34.5,,
AMRX,12.68,15.42,17.77,4045.2,1823.4,23.12,Healthcare,Drug Manufacturers - Specialty & Generic,,,,-13.03,14.58,,
GDOT,12.68,15.41,17.71,718.8,508.1,6.44,Financial Services,Credit Services,,,,6.83,11.87,Y,
ADNT,22.52,27.32,17.57,1765.9,895.5,20.17,Consumer Cyclical,Auto Parts,,,,-9.16,24.79,,
GOF,11.07,13.43,17.52,2348.0,1441.1,15.96,Financial Services,Asset Management,,,,-3.34,11.46,,
CGBD,10.83,13.12,17.45,752.7,766.8,8.3,Financial Services,Asset Management,,,,-1.25,10.97,,
GNTX,23.89,28.94,17.45,5087.4,2042.0,48.78,Consumer Cyclical,Auto Parts,,,,1.93,23.44,Y,
GPRE,15.65,18.94,17.37,1096.0,1546.1,24.2,Basic Materials,Chemicals,,,,12.19,13.95,Y,
RCUS,23.74,28.72,17.34,2985.9,1178.3,27.97,Healthcare,Biotechnology,,,,17.12,20.27,Y,
BRKR,46.46,56.14,17.24,7072.4,2097.5,97.45,Healthcare,Medical Devices,,,,16.65,39.83,Y,
RRR,56.02,67.64,17.18,3275.2,927.9,51.98,Consumer Cyclical,Resorts & Casinos,,,,-8.53,61.24,,
MRP,27.67,33.4,17.15,4595.4,1520.1,42.07,Real Estate,REIT - Residential,,,,-8.28,30.17,,
DB,33.51,40.43,17.13,64100.5,3358.6,112.53,Financial Services,Banks - Regional,,,,-7.29,36.14,,
DBX,26.88,32.4,17.04,6271.1,3691.2,99.22,Technology,Software - Infrastructure,,,,10.03,24.43,Y,
DOW,35.49,42.74,16.96,25579.1,13923.0,494.13,Basic Materials,Chemicals,SP500,,,19.62,29.67,Y,
MTDR,55.13,66.39,16.96,6845.9,1875.1,103.37,Energy,Oil & Gas E&P,,,,12.42,49.04,Y,
HBAN,16.06,19.26,16.63,32555.7,23690.0,380.46,Financial Services,Banks - Regional,SP500,,,-6.11,17.11,,
LAZ,48.5,58.14,16.58,4774.2,1448.4,70.25,Financial Services,Capital Markets,,,,-5.15,51.13,,
NWS,29.59,35.34,16.27,16155.6,1467.8,43.43,Communication Services,Entertainment,SP500,,,13.1,26.16,Y,
PARR,58.97,70.39,16.23,2956.8,1497.2,88.28,Energy,Oil & Gas Refining & Marketing,,,,53.04,38.53,Y,
EQT,57.11,68.05,16.07,35721.0,8004.0,457.11,Energy,Oil & Gas E&P,SP500,,,-3.55,59.21,,
AVLN,27.07,32.23,16.01,1199.5,697.6,18.89,Healthcare,Biotechnology,,,,-8.21,29.49,,
AXTA,30.0,35.72,16.01,6420.6,2451.2,73.54,,,,,,-11.06,33.73,,
FNF,48.53,57.78,16.01,13060.9,1953.8,94.81,Financial Services,Insurance - Specialty,,,,-4.76,50.95,,
HCSG,20.49,24.39,15.99,1406.5,673.9,13.81,Healthcare,Medical Care Facilities,,,,-5.05,21.58,,
REXR,36.39,43.31,15.99,8213.9,2397.2,87.23,Real Estate,REIT - Industrial,,,,-1.25,36.85,,
GCMG,10.89,12.94,15.84,657.6,548.5,5.97,Financial Services,Asset Management,,,,-7.14,11.73,,
RRC,40.66,48.31,15.84,9580.4,3402.4,138.34,Energy,Oil & Gas E&P,,,,4.15,39.04,,
AES,14.68,17.44,15.83,10465.6,13824.8,202.88,Utilities,Utilities - Diversified,SP500,,,-9.25,16.17,,
MSDL,15.31,18.17,15.76,1297.7,753.2,11.53,Financial Services,Asset Management,,,,1.24,15.12,Y,
FOX,57.23,67.81,15.6,24047.3,1472.7,84.28,Communication Services,Entertainment,SP500,,,15.96,49.35,Y,
CBSH,52.6,62.26,15.51,7667.9,1237.4,65.09,Financial Services,Banks - Regional,,,,0.02,52.59,Y,
NAMS,35.69,42.21,15.44,4172.3,1117.4,39.88,Healthcare,Biotechnology,,,,1.94,35.01,Y,
BKV,27.88,32.81,15.04,3049.2,1020.6,28.45,Energy,Oil & Gas E&P,,,,-7.08,30.0,,
PDFS,48.04,56.46,14.91,2011.3,564.2,27.1,Technology,Software - Application,,,,38.56,34.67,Y,
XENE,54.52,63.95,14.75,5270.2,1397.1,76.17,Healthcare,Biotechnology,,,,22.31,44.58,Y,
ADTN,15.94,18.69,14.71,1291.1,2244.4,35.78,Technology,Communication Equipment,,,,49.11,10.69,Y,
ZYME,25.38,29.75,14.71,1866.9,664.3,16.86,Healthcare,Biotechnology,,,,5.2,24.12,Y,
CALY,15.37,18.0,14.61,2762.9,2701.2,41.52,Consumer Cyclical,Leisure,,,,11.46,13.79,Y,
AS,36.54,42.76,14.55,21259.8,4757.3,173.83,Consumer Cyclical,Leisure,,,,-3.46,37.85,,
KDP,29.93,35.02,14.51,40728.3,10803.7,323.41,Consumer Defensive,Beverages - Non-Alcoholic,Nasdaq100|SP500,,,0.16,29.89,Y,
HPQ,24.33,28.45,14.5,22330.0,18498.2,449.97,Technology,Computer Hardware,SP500,,,35.75,17.92,Y,
PRVA,22.67,26.51,14.49,2856.7,956.1,21.67,Healthcare,Health Information Services,,,,0.09,22.65,Y,
NEXA,14.44,16.89,14.48,1913.1,1158.3,16.73,Basic Materials,Other Industrial Metals & Mining,,,,18.79,12.16,Y,
KHC,23.86,27.85,14.31,28298.6,15091.1,360.15,Consumer Defensive,Packaged Foods,Nasdaq100|SP500,,,-1.18,24.15,,
RDY,13.77,16.07,14.31,11496.4,2498.6,34.41,Healthcare,Drug Manufacturers - Specialty & Generic,,,,-5.69,14.6,,
FFIN,32.62,38.06,14.29,4673.9,766.8,25.01,Financial Services,Banks - Regional,,,,0.28,32.53,Y,
CRI,37.84,44.12,14.23,1394.4,1217.5,46.07,Consumer Cyclical,Apparel Retail,,,,-9.08,41.62,,
OSCR,21.94,25.58,14.23,6614.8,7159.0,157.07,Healthcare,Healthcare Plans,,,,69.42,12.95,Y,
REYN,21.86,25.48,14.17,4608.4,1086.3,23.75,Consumer Cyclical,Packaging & Containers,,,,-10.31,24.38,,
RELY,21.41,24.92,14.09,4508.1,4186.6,89.64,Technology,Software - Infrastructure,,,,31.75,16.25,Y,
PCG,16.42,19.11,14.08,36149.5,21909.8,359.65,Utilities,Utilities - Regulated Electric,SP500,,,-11.73,18.6,,
AAUC,27.68,32.2,14.04,3484.4,708.2,19.6,Basic Materials,Gold,,,,-12.21,31.53,,
AMN,27.24,31.65,13.93,1056.5,1043.7,28.43,Healthcare,Medical Care Facilities,,,,36.13,20.01,Y,
ZIM,25.22,29.3,13.92,3039.5,1645.9,41.51,Industrials,Marine Shipping,,,,-10.72,28.25,,
SON,49.45,57.29,13.69,4889.1,1173.1,58.01,Consumer Cyclical,Packaging & Containers,,,,-10.51,55.26,,
NWG,16.02,18.56,13.67,63809.0,3976.7,63.73,Financial Services,Banks - Regional,,,,-0.75,16.15,,
NAVN,19.65,22.75,13.63,4962.7,3097.6,60.87,Technology,Software - Application,,,,111.29,9.3,Y,
SBCF,30.51,35.33,13.63,2967.0,777.4,23.72,Financial Services,Banks - Regional,,,,-6.65,32.68,,
PBR-A,17.33,20.05,13.54,118684.3,11895.5,206.21,Energy,Oil & Gas Integrated,,,,12.56,15.4,Y,
ARCC,18.85,21.79,13.51,13534.7,7011.6,132.17,Financial Services,Asset Management,,,,-0.75,18.99,,
PTY,11.81,13.65,13.51,2502.4,1235.4,14.58,Financial Services,Asset Management,,,,-5.63,12.51,,
WY,23.8,27.51,13.49,17160.8,5301.1,126.17,Real Estate,REIT - Specialty,SP500,,,-1.45,24.15,,
OPRA,17.73,20.49,13.45,1587.8,577.3,10.24,Communication Services,Internet Content & Information,,,,41.95,12.49,Y,
PCRX,23.93,27.64,13.42,941.6,705.6,16.88,Healthcare,Drug Manufacturers - Specialty & Generic,,,,2.0,23.46,Y,
BEPC,38.89,44.78,13.15,7092.8,1479.6,57.54,Utilities,Utilities - Renewable,,,,-10.35,43.38,,
CGEM,14.56,16.74,13.02,894.8,853.0,12.42,Healthcare,Biotechnology,,,,1.39,14.36,,
KYIV,14.35,16.48,12.92,3312.9,764.7,10.97,Communication Services,Telecom Services,,,,19.48,12.01,Y,
UGI,35.67,40.92,12.85,7646.4,1801.9,64.26,Utilities,Utilities - Regulated Gas,,,,-3.15,36.82,,
TRMD,30.8,35.33,12.82,3152.0,960.9,29.6,Energy,Oil & Gas Midstream,,,,13.84,27.06,Y,
CGNT,10.17,11.65,12.74,739.1,545.2,5.55,Technology,Software - Infrastructure,,,,53.63,6.62,Y,
HTGC,15.69,17.98,12.73,2936.8,2398.0,37.64,Financial Services,Asset Management,,,,7.04,14.66,Y,
VIAV,52.75,60.43,12.71,13012.7,6487.5,342.21,Technology,Communication Equipment,,,,70.99,30.85,Y,
WDS,22.0,25.19,12.68,41814.7,1216.6,26.76,Energy,Oil & Gas E&P,,,,13.19,19.43,Y,
TRN,32.64,37.36,12.63,2595.1,641.3,20.93,Industrials,Railroads,,,,-4.51,34.18,,
VGNT,41.31,47.27,12.61,2928.6,2727.3,112.66,Consumer Cyclical,Auto Parts,,,,36.79,30.2,Y,
TGTX,39.03,44.65,12.59,5974.9,2088.2,81.5,Healthcare,Biotechnology,,,,31.59,29.66,Y,
MTG,25.91,29.63,12.57,5478.7,1934.0,50.1,Financial Services,Insurance - Specialty,,,,-1.76,26.37,,
DOLE,14.41,16.47,12.5,1371.7,828.9,11.95,Consumer Defensive,Farm Products,,,,-7.35,15.56,,
NP,29.08,33.24,12.5,4022.7,532.6,15.49,Financial Services,Insurance Brokers,,,,36.59,21.29,Y,
ZTO,22.75,25.97,12.42,17437.1,1787.2,40.65,Industrials,Integrated Freight & Logistics,,,,-6.63,24.36,,
VICI,28.46,32.48,12.37,30646.9,8542.5,243.13,Real Estate,REIT - Diversified,SP500,,,-4.35,29.76,,
MFIC,10.81,12.32,12.27,890.4,1107.8,11.98,Financial Services,Asset Management,,,,1.97,10.6,Y,
ZD,44.42,50.55,12.14,1636.0,993.1,44.11,Communication Services,Advertising Agencies,,,,65.48,26.84,Y,
PBR,19.55,22.24,12.1,125987.4,27725.8,542.04,Energy,Oil & Gas Integrated,,,,17.68,16.61,Y,
HOMB,26.72,30.37,12.04,5380.8,1516.9,40.52,Financial Services,Banks - Regional,,,,-6.0,28.42,,
MIAX,50.29,57.14,11.99,4773.0,1303.5,65.55,Financial Services,Capital Markets,,,,22.69,40.99,Y,
TFC,48.49,55.06,11.92,60417.5,8598.8,416.99,Financial Services,Banks - Regional,SP500,,,-3.09,50.04,,
TRVI,14.2,16.12,11.88,2016.8,1503.0,21.35,Healthcare,Biotechnology,,,,25.04,11.36,Y,
ODTX,17.9,20.3,11.82,844.4,567.5,10.16,Healthcare,Biotechnology,,,,9.01,16.42,Y,
SNY,44.31,50.24,11.81,105900.7,3190.3,141.36,Healthcare,Drug Manufacturers - General,,,,-1.73,45.09,,
EQNR,37.97,43.02,11.74,94611.1,7157.8,271.78,Energy,Oil & Gas Integrated,,,,31.54,28.86,Y,
LAUR,33.46,37.91,11.74,4683.7,1797.7,60.15,Consumer Defensive,Education & Training Services,,,,-1.18,33.86,,
VCYT,44.76,50.71,11.73,3571.5,977.6,43.76,Healthcare,Diagnostics & Research,,,,25.31,35.72,Y,
AMH,32.31,36.58,11.69,11649.0,3614.2,116.76,Real Estate,REIT - Residential,,,,9.63,29.47,Y,
BCAX,21.43,24.25,11.63,1408.0,572.8,12.28,Healthcare,Biotechnology,,,,22.39,17.51,Y,
AGNC,10.31,11.67,11.62,11835.3,17737.8,182.88,Real Estate,REIT - Mortgage,,,,-5.53,10.91,,
MGY,28.82,32.57,11.51,5330.2,2594.5,74.77,Energy,Oil & Gas E&P,,,,7.25,26.87,Y,
OCSL,11.9,13.42,11.35,1047.8,939.7,11.18,Financial Services,Asset Management,,,,4.31,11.4,Y,
AAL,14.64,16.5,11.3,9679.4,67378.2,986.08,Industrials,Airlines,,,,9.87,13.32,Y,
DAN,34.99,39.42,11.24,3787.2,1156.7,40.47,Consumer Cyclical,Auto Parts,,,,-1.53,35.53,,
RNG,43.17,48.57,11.12,3620.2,1915.6,82.7,Technology,Software - Application,,,,25.43,34.42,Y,
STWD,17.3,19.46,11.1,6413.9,3108.0,53.77,Real Estate,REIT - Mortgage,,,,0.4,17.23,Y,
M,21.33,23.96,10.96,5626.0,6696.0,142.83,Consumer Cyclical,Department Stores,,,,6.26,20.07,Y,
CZR,28.15,31.58,10.86,5733.5,4825.7,135.84,Consumer Cyclical,Resorts & Casinos,,,,35.53,20.77,Y,
LBTYK,11.69,13.12,10.86,3954.0,1318.8,15.42,Communication Services,Telecom Services,,,,-5.99,12.44,,
LBTYA,12.06,13.52,10.76,4079.1,2090.5,25.22,Communication Services,Telecom Services,,,,-5.96,12.83,,
UNIT,11.06,12.39,10.74,2684.3,2457.3,27.16,Real Estate,REIT - Specialty,,,,43.57,7.7,Y,
BCS,24.44,27.37,10.69,82923.4,7902.5,193.18,Financial Services,Banks - Diversified,,,,-4.62,25.63,,
AXGN,40.96,45.83,10.64,2177.9,1000.0,40.95,Healthcare,Medical Devices,,,,31.18,31.22,Y,
ZWS,48.05,53.63,10.41,8050.4,1037.7,49.86,Industrials,Pollution & Treatment Controls,,,,-4.87,50.51,,
BBT,29.08,32.46,10.4,2437.4,791.0,23.0,Financial Services,Banks - Regional,,,,-5.69,30.84,,
INVH,29.44,32.84,10.34,17491.6,6041.9,177.91,Real Estate,REIT - Residential,SP500,,,16.33,25.31,Y,
FRVO,38.26,42.65,10.28,11252.3,9363.3,358.28,Utilities,Utilities - Renewable,,,,4.72,36.54,Y,
RCI,36.58,40.77,10.27,19761.4,1274.2,46.61,Communication Services,Telecom Services,,,,-6.97,39.32,,
WTRG,37.22,41.46,10.22,10556.8,2446.1,91.04,Utilities,Utilities - Regulated Water,,,,-5.86,39.54,,
SDRL,49.84,55.47,10.15,3116.5,723.6,36.06,Energy,Oil & Gas Drilling,,,,10.22,45.22,Y,
ORI,39.48,43.93,10.12,9615.5,1579.5,62.36,Financial Services,Insurance - Property & Casualty,,,,-6.0,42.0,,
DRTS,10.45,11.62,10.07,943.9,501.4,5.24,Healthcare,Biotechnology,,,,24.11,8.42,Y,
GBCI,48.22,53.61,10.05,6275.5,931.0,44.89,Financial Services,Banks - Regional,,,,0.14,48.15,Y,
WBD,26.99,30.0,10.05,67655.1,22469.8,606.35,Communication Services,Entertainment,Nasdaq100|SP500,,,-6.63,28.9,,
INVA,22.63,25.15,10.02,1670.3,717.7,16.24,Healthcare,Biotechnology,,,,-6.64,24.24,,
RF,28.1,31.23,10.01,23984.2,12412.9,348.86,Financial Services,Banks - Regional,SP500,,,-2.15,28.72,,
CLYM,11.24,12.48,9.94,643.6,696.3,7.83,Healthcare,Biotechnology,,,,58.53,7.09,Y,
DAR,59.52,66.02,9.85,9459.4,2941.6,175.08,Consumer Defensive,Packaged Foods,,,,12.11,53.09,Y,
KURA,11.26,12.49,9.85,999.6,1552.1,17.48,Healthcare,Biotechnology,,,,31.54,8.56,Y,
HAWK,32.23,35.73,9.8,3000.1,2122.7,68.42,Industrials,Aerospace & Defense,,,,-5.21,34.0,,
FE,46.74,51.81,9.78,27035.9,4768.5,222.88,Utilities,Utilities - Regulated Electric,SP500,,,-6.75,50.12,,
SHOO,42.14,46.6,9.56,3079.8,1190.5,50.17,Consumer Cyclical,Footwear & Accessories,,,,18.36,35.6,Y,
CRGY,12.81,14.16,9.5,4231.7,8744.2,112.04,Energy,Oil & Gas E&P,,,,26.72,10.11,Y,
AUPH,15.3,16.88,9.36,1967.6,1179.3,18.04,Healthcare,Biotechnology,,,,6.03,14.43,Y,
LADR,10.15,11.17,9.2,1295.2,847.1,8.59,Real Estate,REIT - Mortgage,,,,-0.5,10.2,,
POR,49.6,54.62,9.19,5740.2,1262.4,62.62,,,,,,-6.29,52.93,,
RTO,31.49,34.67,9.17,15847.3,1256.2,39.56,Industrials,Specialty Business Services,,,,3.57,30.41,Y,
PUMP,16.81,18.5,9.14,2061.2,3976.3,66.84,Energy,Oil & Gas Equipment & Services,,,,44.29,11.65,Y,
ROIV,29.84,32.79,9.0,21463.0,5719.5,170.67,Healthcare,Biotechnology,,,,4.12,28.66,Y,
MTCH,35.44,38.94,8.98,8267.0,4912.1,174.08,Communication Services,Internet Content & Information,,,,13.65,31.18,Y,
OVV,57.76,63.46,8.98,16231.6,4338.9,250.61,,,,,,17.73,49.06,Y,
EPRT,31.33,34.38,8.87,6775.0,2072.8,64.94,Real Estate,REIT - Retail,,,,-5.33,33.09,,
BKU,47.17,51.75,8.85,3428.4,834.3,39.35,Financial Services,Banks - Regional,,,,-2.25,48.25,,
GBDC,13.14,14.4,8.77,3421.6,2203.9,28.95,Financial Services,Asset Management,,,,9.42,12.0,Y,
HBM,26.21,28.73,8.77,10410.5,5543.6,145.3,Basic Materials,Copper,,,,-5.38,27.7,,
RSI,26.68,29.24,8.76,2746.8,1826.6,48.73,Consumer Cyclical,Gambling,,,,39.69,19.1,Y,
CODI,11.56,12.64,8.54,869.7,1171.7,13.55,Industrials,Conglomerates,,,,40.8,8.21,Y,
VALE,16.41,17.94,8.53,69955.3,27614.6,453.14,Basic Materials,Other Industrial Metals & Mining,,,,-6.39,17.53,,
PUK,30.74,33.59,8.47,38526.2,853.4,26.23,Financial Services,Insurance - Life,,,,-0.04,30.75,,
ALH,25.16,27.48,8.44,4997.0,950.7,23.92,Consumer Cyclical,"Furnishings, Fixtures & Appliances",,,,11.97,22.47,Y,
UCB,33.42,36.47,8.35,3999.9,833.5,27.86,Financial Services,Banks - Regional,,,,0.09,33.39,Y,
EFXT,26.7,29.12,8.29,3259.8,679.3,18.14,Energy,Oil & Gas Equipment & Services,,,,34.8,19.81,Y,
COHU,48.09,52.43,8.28,2268.7,992.2,47.72,Technology,Semiconductor Equipment & Materials,,,,53.79,31.27,Y,
CIFR,23.42,25.52,8.21,9581.6,25159.4,589.33,Technology,Information Technology Services,,,,41.02,16.61,Y,
ALLY,42.89,46.7,8.16,13146.8,3482.9,149.38,Financial Services,Credit Services,,,,4.08,41.21,Y,
BBVA,23.33,25.41,8.16,129988.4,1894.1,44.2,Financial Services,Banks - Diversified,,,,1.23,23.05,Y,
AUB,38.03,41.38,8.1,5442.7,1032.6,39.27,Financial Services,Banks - Regional,,,,-1.75,38.71,,
LBRT,31.69,34.48,8.07,5172.4,4059.0,128.65,Energy,Oil & Gas Equipment & Services,,,,12.08,28.28,Y,
ARR,16.81,18.28,8.04,2085.2,3139.3,52.77,Real Estate,REIT - Mortgage,,,,-2.64,17.27,,
IMAX,39.7,43.16,8.02,2184.1,1181.1,46.89,Communication Services,Entertainment,,,,8.71,36.52,,
FRO,36.62,39.74,7.84,8153.6,3784.0,138.59,Energy,Oil & Gas Midstream,,,,3.64,35.34,Y,
NE,50.68,54.98,7.82,8085.8,1617.8,81.99,Energy,Oil & Gas Drilling,,,,12.08,45.22,Y,
ECO,53.9,58.45,7.78,2104.5,513.0,27.65,Industrials,Marine Shipping,,,,5.44,51.12,Y,
LINC,49.35,53.5,7.76,1565.3,518.0,25.56,Consumer Defensive,Education & Training Services,,,,42.29,34.68,Y,
MRX,53.92,58.45,7.76,3878.2,1103.7,59.5,Financial Services,Capital Markets,,,,30.5,41.31,Y,
VIRT,52.15,56.48,7.66,4538.8,1245.0,64.93,Financial Services,Capital Markets,,,,28.73,40.52,Y,
PTRN,18.57,20.1,7.61,3282.6,1043.0,19.37,Technology,Software - Application,,,,73.39,10.71,Y,
WSBC,34.82,37.68,7.6,3349.0,613.7,21.37,Financial Services,Banks - Regional,,,,-3.23,35.98,,
PDI,16.74,18.11,7.59,7724.3,2744.0,45.92,Financial Services,Asset Management,,,,-3.99,17.43,,
HUN,14.71,15.9,7.48,2579.4,6120.4,90.03,Basic Materials,Chemicals,,,,19.35,12.32,Y,
UNFI,49.2,53.18,7.48,2997.8,698.5,34.36,Consumer Defensive,Food Distribution,,,,26.71,38.83,Y,
ARXS,36.51,39.45,7.45,14983.9,1791.1,65.39,Industrials,Aerospace & Defense,,,,-5.78,38.75,,
CNQ,47.19,50.98,7.44,98423.8,11141.9,525.78,Energy,Oil & Gas E&P,,,,11.86,42.19,Y,
NATL,44.93,48.5,7.36,3314.9,1208.6,54.3,Technology,Software - Application,,,,10.75,40.57,Y,
CXW,21.51,23.19,7.25,2127.0,1109.7,23.87,Industrials,Security & Protection Services,,,,25.27,17.17,Y,
OUST,42.1,45.4,7.25,2680.9,3130.7,131.82,Technology,Electronic Components,,,,112.65,19.8,Y,
FHN,24.45,26.36,7.23,11604.4,4931.0,120.56,Financial Services,Banks - Regional,,,,0.61,24.3,Y,
AHR,50.47,54.38,7.2,9725.7,2542.2,128.29,Real Estate,REIT - Healthcare Facilities,,,,-4.13,52.64,,
ALKS,36.72,39.56,7.19,6119.5,2348.5,86.22,Healthcare,Drug Manufacturers - Specialty & Generic,,,,18.28,31.04,Y,
PBI,15.37,16.56,7.19,2081.7,3347.0,51.44,Industrials,Integrated Freight & Logistics,,,,46.32,10.5,Y,
FNB,17.65,19.0,7.13,6282.8,6969.1,123.0,Financial Services,Banks - Regional,,,,-0.36,17.71,,
TRS,40.63,43.72,7.07,1455.7,509.0,20.68,Consumer Cyclical,Packaging & Containers,,,,10.48,36.78,Y,
ECVT,14.02,15.09,7.06,1534.5,2224.5,31.19,Basic Materials,Specialty Chemicals,,,,23.85,11.32,Y,
HASI,41.02,44.13,7.05,5242.4,932.1,38.23,Financial Services,Asset Management,,,,12.41,36.49,Y,
DRS,45.44,48.88,7.03,12121.7,1079.1,49.03,Industrials,Aerospace & Defense,,,,7.7,42.19,,
WAFD,35.61,38.3,7.01,2631.2,664.4,23.66,Financial Services,Banks - Regional,,,,10.17,32.32,Y,
SCHL,40.16,43.17,6.98,741.1,572.1,22.98,Communication Services,Publishing,,,,18.88,33.78,Y,
PTEN,12.18,13.08,6.92,4621.8,9987.9,121.6,Energy,Oil & Gas Drilling,,,,47.72,8.24,Y,
TXG,24.63,26.44,6.86,3126.9,2535.1,62.44,Healthcare,Health Information Services,,,,25.28,19.66,Y,
FCEL,25.8,27.69,6.84,1366.6,5722.0,147.6,Industrials,Electrical Equipment & Parts,,,,199.94,8.6,Y,
RDN,35.96,38.59,6.82,4781.8,1321.9,47.54,Financial Services,Insurance - Specialty,,,,2.3,35.15,Y,
UMH,15.34,16.46,6.79,1306.4,667.0,10.23,Real Estate,REIT - Residential,,,,-3.83,15.95,,
TEVA,34.83,37.35,6.75,40557.0,6600.9,229.91,Healthcare,Drug Manufacturers - Specialty & Generic,,,,3.6,33.62,Y,
PSO,15.15,16.22,6.65,9125.4,1093.9,16.57,Communication Services,Publishing,,,,20.19,12.6,Y,
BCE,24.72,26.46,6.58,23052.0,3252.8,80.41,Communication Services,Telecom Services,,,,-2.33,25.31,,
AROC,37.28,39.88,6.52,6533.8,1675.7,62.47,Energy,Oil & Gas Equipment & Services,,,,7.06,34.82,Y,
OCFC,18.86,20.18,6.5,1086.6,671.6,12.67,Financial Services,Banks - Regional,,,,0.08,18.85,Y,
OSW,24.03,25.69,6.48,2439.4,836.9,20.11,Consumer Cyclical,Leisure,,,,10.63,21.72,Y,
INVX,30.18,32.25,6.41,2075.3,561.6,16.95,Energy,Oil & Gas Equipment & Services,,,,3.19,29.25,Y,
AM,22.08,23.59,6.4,10487.6,2629.6,58.06,Energy,Oil & Gas Midstream,,,,0.13,22.05,,
CX,12.8,13.67,6.4,18462.6,6386.7,81.72,Basic Materials,Building Materials,,,,0.65,12.71,Y,
PDO,12.91,13.8,6.39,1840.2,771.5,9.96,Financial Services,Asset Management,,,,-4.71,13.55,,
ESI,42.62,45.52,6.36,10383.8,3061.1,130.48,Basic Materials,Specialty Chemicals,,,,19.04,35.81,Y,
OPLN,36.08,38.52,6.35,3822.0,879.5,31.73,Consumer Cyclical,Auto & Truck Dealerships,,,,34.11,26.9,Y,
FIBK,35.93,38.34,6.28,3490.3,1260.9,45.3,Financial Services,Banks - Regional,,,,0.16,35.87,Y,
MGM,38.38,40.94,6.25,9819.6,4674.2,179.39,Consumer Cyclical,Resorts & Casinos,SP500,,,7.93,35.56,Y,
IRT,16.86,17.99,6.24,3975.3,2386.6,40.25,Real Estate,REIT - Residential,,,,1.66,16.59,Y,
LINE,41.6,44.36,6.23,9471.3,1022.5,42.54,Real Estate,REIT - Industrial,,,,4.59,39.77,Y,
KEY,21.68,23.12,6.21,23511.4,13538.2,293.58,Financial Services,Banks - Regional,SP500,,,2.0,21.26,Y,
SHLS,10.66,11.36,6.21,1787.6,5461.5,58.19,Technology,Solar,,,,55.55,6.85,Y,
DSL,10.9,11.62,6.16,1249.4,549.2,5.99,Financial Services,Asset Management,,,,-2.23,11.15,,
WTTR,19.23,20.48,6.13,2390.7,1847.8,35.52,Energy,Oil & Gas Equipment & Services,,,,40.19,13.71,Y,
IVZ,27.37,29.15,6.09,12133.0,5387.8,147.46,,,SP500,,,3.0,26.57,Y,
TOWN,34.62,36.82,5.97,3160.7,518.2,17.94,Financial Services,Banks - Regional,,,,1.54,34.1,Y,
HTO,57.76,61.4,5.93,2416.7,635.4,36.7,Utilities,Utilities - Regulated Water,,,,5.48,54.76,Y,
CMBT,16.69,17.72,5.81,4842.9,1785.8,29.81,Energy,Oil & Gas Midstream,,,,17.71,14.18,Y,
VTRS,16.4,17.4,5.76,19098.7,11257.5,184.62,Healthcare,Drug Manufacturers - Specialty & Generic,SP500,,,3.62,15.83,Y,
XIFR,11.89,12.61,5.71,1120.9,946.3,11.25,Utilities,Utilities - Renewable,,,,12.38,10.58,Y,
VELO,24.32,25.73,5.5,724.6,2617.0,63.63,Technology,Computer Hardware,,,,149.13,9.76,Y,
FHI,55.44,58.64,5.45,4208.6,816.6,45.27,Financial Services,Asset Management,,,,-0.97,55.99,,
UDR,38.11,40.29,5.41,12382.5,3511.0,133.8,Real Estate,REIT - Residential,SP500,,,2.44,37.2,Y,
LIND,21.14,22.34,5.39,1386.5,730.0,15.43,Consumer Cyclical,Travel Services,,,,1.86,20.75,Y,
CNC,57.52,60.76,5.33,28403.2,6374.9,366.68,Healthcare,Healthcare Plans,SP500,,,34.74,42.69,Y,
HAL,41.27,43.59,5.32,34476.9,14458.3,596.69,Energy,Oil & Gas Equipment & Services,SP500,,,17.58,35.1,Y,
VZ,48.23,50.91,5.28,201376.8,24566.2,1184.76,Communication Services,Telecom Services,Dow30|SP500,,,-0.56,48.5,,
NESR,25.84,27.25,5.17,2605.9,2126.5,54.95,Energy,Oil & Gas Equipment & Services,,,,-0.27,25.91,,
ET,19.65,20.7,5.09,67609.5,15459.3,303.73,Energy,Oil & Gas Midstream,,,,7.51,18.27,Y,
SAN,12.42,13.08,5.04,178852.2,11896.8,147.76,Financial Services,Banks - Diversified,,,,-4.82,13.05,,
WES,45.6,48.01,5.02,17956.4,1566.6,71.44,Energy,Oil & Gas Midstream,,,,13.71,40.1,Y,
VISN,12.6,13.22,4.69,2842.2,6796.9,85.64,Technology,Communication Equipment,,,,45.06,8.69,Y,
IMVT,34.6,36.28,4.64,7103.7,1738.5,60.15,Healthcare,Biotechnology,,,,27.07,27.23,Y,
MAIR,42.24,44.25,4.55,21173.1,4376.7,184.85,Industrials,Building Products & Equipment,,,,33.02,31.75,Y,
SKT,35.92,37.63,4.54,4126.3,812.8,29.2,Real Estate,REIT - Retail,,,,-3.7,37.3,,
SKYT,36.67,38.39,4.48,1804.3,1181.2,43.32,Technology,Semiconductors,,,,27.33,28.8,Y,
FCPT,25.32,26.5,4.45,2778.8,726.9,18.41,Real Estate,REIT - Retail,,,,0.57,25.18,Y,
NPKI,15.77,16.5,4.42,1331.7,810.7,12.79,Energy,Oil & Gas Equipment & Services,,,,10.28,14.3,Y,
NMZ,10.11,10.58,4.41,1188.5,540.1,5.46,Financial Services,Asset Management,,,,-3.19,10.45,,
SKM,38.72,40.49,4.38,14862.2,1888.0,73.09,Communication Services,Telecom Services,,,,22.79,31.53,Y,
UBSI,43.52,45.49,4.32,5997.0,918.4,39.97,Financial Services,Banks - Regional,,,,2.06,42.64,Y,
OUT,33.52,34.96,4.12,5901.6,1501.0,50.31,Real Estate,REIT - Specialty,,,,26.09,26.58,Y,
CSWC,23.24,24.23,4.1,1444.2,664.2,15.44,Financial Services,Asset Management,,,,4.04,22.34,Y,
NN,23.2,24.19,4.08,3165.3,2259.7,52.43,Technology,Software - Infrastructure,,,,37.2,16.91,Y,
TH,18.17,18.93,4.01,1820.0,1163.4,21.14,Industrials,Specialty Business Services,,,,156.64,7.08,Y,
ALGM,49.35,51.4,3.99,9190.1,2072.6,102.28,Technology,Semiconductors,,,,29.46,38.12,Y,
CMP,31.1,32.39,3.98,1304.9,639.3,19.88,Basic Materials,Other Industrial Metals & Mining,,,,25.1,24.86,Y,
SWBI,15.18,15.79,3.86,675.4,574.9,8.73,Industrials,Aerospace & Defense,,,,30.29,11.65,Y,
DD,50.24,52.24,3.83,20594.4,3749.8,188.39,Basic Materials,Specialty Chemicals,SP500,,,-0.19,50.34,,
PLAB,53.86,56.0,3.82,3175.9,922.2,49.67,Technology,Semiconductor Equipment & Materials,,,,23.62,43.57,Y,
SPNT,23.39,24.32,3.82,2749.3,698.2,16.33,Financial Services,Insurance - Reinsurance,,,,10.07,21.25,Y,
AESI,19.37,20.13,3.78,2419.4,4775.1,92.49,Energy,Oil & Gas Equipment & Services,,,,102.4,9.57,Y,
MPLX,56.61,58.83,3.78,57444.1,1970.6,111.56,Energy,Oil & Gas Midstream,,,,-1.39,57.41,,
CTRE,41.47,43.08,3.74,9796.9,2814.0,116.7,Real Estate,REIT - Healthcare Facilities,,,,2.41,40.49,Y,
MFC,38.94,40.41,3.64,64986.6,2221.7,86.51,Financial Services,Insurance - Life,,,,10.0,35.4,Y,
BEN,31.27,32.44,3.61,16249.1,5089.7,159.16,Financial Services,Asset Management,SP500,,,16.39,26.87,Y,
EPD,38.72,40.17,3.61,83768.4,4448.4,172.24,Energy,Oil & Gas Midstream,,,,9.34,35.41,Y,
VLY,13.61,14.12,3.58,7544.5,6903.7,93.99,Financial Services,Banks - Regional,,,,4.35,13.05,Y,
APLD,47.15,48.81,3.41,13473.5,21338.1,1006.05,Technology,Information Technology Services,,,,62.13,29.08,Y,
EPR,58.97,61.05,3.41,4511.7,832.4,49.09,Real Estate,REIT - Specialty,,,,2.76,57.38,Y,
SBLK,27.32,28.28,3.41,3109.7,1484.5,40.55,Industrials,Marine Shipping,,,,11.35,24.53,Y,
ASB,28.26,29.25,3.39,5338.8,2198.0,62.11,,,,,,3.29,27.36,Y,
ARMK,51.65,53.45,3.36,13581.6,2696.7,139.28,Industrials,Specialty Business Services,,,,26.3,40.89,Y,
PENG,53.44,55.3,3.36,2808.8,2031.6,108.57,Technology,Information Technology Services,,,,158.41,20.68,Y,
LION,14.48,14.98,3.34,4205.0,3339.6,48.36,,,,,,75.73,8.24,Y,
CNP,42.86,44.23,3.09,28037.7,4782.7,204.99,Utilities,Utilities - Regulated Electric,SP500,,,-0.22,42.95,,
IRDM,50.08,51.64,3.02,5294.8,2285.4,114.46,Communication Services,Telecom Services,,,,113.13,23.5,Y,
EROK,23.62,24.35,3.0,650.9,1167.2,27.57,Energy,Oil & Gas Equipment & Services,,,,8.15,21.84,Y,
HP,40.56,41.82,3.0,4053.7,1264.2,51.28,Energy,Oil & Gas Drilling,,,,19.16,34.04,Y,
GLPI,47.71,49.14,2.92,13512.5,2061.6,98.36,Real Estate,REIT - Specialty,,,,1.0,47.24,Y,
WULF,25.18,25.92,2.87,12477.5,30392.1,765.27,Financial Services,Capital Markets,,,,40.51,17.92,Y,
NZF,12.4,12.75,2.81,2401.3,545.8,6.76,Financial Services,Asset Management,,,,-2.51,12.71,,
SBRA,20.69,21.28,2.77,5217.8,2224.4,46.02,Real Estate,REIT - Healthcare Facilities,,,,2.08,20.27,Y,
NEA,11.37,11.69,2.75,3400.1,887.5,10.09,Financial Services,Asset Management,,,,-2.17,11.62,,
ARI,10.94,11.24,2.71,1452.7,1405.0,15.36,Real Estate,REIT - Mortgage,,,,5.17,10.4,Y,
SATL,11.68,12.0,2.67,1731.5,9949.9,116.21,Industrials,Aerospace & Defense,,,,263.86,3.21,Y,
WT,19.32,19.85,2.67,2954.8,3112.9,60.14,Financial Services,Asset Management,,,,11.79,17.28,Y,
NSA,42.85,44.01,2.65,3308.6,1644.0,70.45,Real Estate,REIT - Industrial,,,,27.05,33.73,Y,
AVA,41.39,42.48,2.57,3420.4,603.2,24.97,Utilities,Utilities - Diversified,,,,3.16,40.12,Y,
PBA,48.85,50.1,2.5,28400.2,1356.7,66.27,Energy,Oil & Gas Midstream,,,,11.88,43.66,Y,
BIP,39.37,40.32,2.36,18110.5,971.4,38.24,Utilities,Utilities - Diversified,,,,0.97,38.99,,
HOPE,12.57,12.87,2.36,1606.9,910.9,11.45,Financial Services,Banks - Regional,,,,7.55,11.69,Y,
MITK,16.1,16.48,2.28,727.3,1037.5,16.71,Technology,Software - Application,,,,9.48,14.71,Y,
UMC,21.02,21.51,2.28,52745.2,11491.7,241.56,Technology,Semiconductors,,,,99.24,10.55,Y,
BRX,30.79,31.49,2.22,9447.5,2614.1,80.49,Real Estate,REIT - Retail,,,,3.4,29.78,Y,
SPIR,24.57,25.12,2.19,951.1,1584.3,38.93,Industrials,Specialty Business Services,,,,171.79,9.04,Y,
FPS,49.92,51.0,2.12,12186.4,4331.6,216.23,Industrials,Electrical Equipment & Parts,,,,45.33,34.35,Y,
KRP,15.08,15.4,2.08,1487.7,856.1,12.91,Energy,Oil & Gas E&P,,,,12.47,13.41,Y,
NVRI,19.59,19.99,2.0,1620.2,1271.5,24.91,Industrials,Waste Management,,,,9.75,17.85,Y,
TRIN,16.86,17.21,1.99,1516.0,1236.3,20.85,Financial Services,Asset Management,,,,13.15,14.91,Y,
RPRX,53.67,54.74,1.96,23788.3,3298.9,177.03,Healthcare,Biotechnology,,,,19.38,44.95,Y,
AIP,37.76,38.47,1.85,1743.3,718.5,27.13,Technology,Semiconductors,,,,121.97,17.01,Y,
RDW,22.44,22.86,1.82,4464.7,27045.2,607.03,Industrials,Aerospace & Defense,,,,160.38,8.62,Y,
MRTN,16.79,17.09,1.76,1369.9,819.5,13.76,Industrials,Trucking,,,,28.43,13.07,Y,
NOK,16.01,16.3,1.75,89404.3,87193.2,1396.4,Technology,Communication Equipment,,,,111.56,7.57,Y,
TFSL,15.92,16.2,1.73,4464.5,800.5,12.74,Financial Services,Banks - Regional,,,,12.09,14.2,Y,
SOBO,37.77,38.39,1.62,7878.2,983.3,37.14,Energy,Oil & Gas Midstream,,,,17.25,32.21,Y,
WERN,40.4,41.06,1.61,2422.0,1080.1,43.64,Industrials,Trucking,,,,24.27,32.51,Y,
CNO,47.21,47.95,1.54,4407.0,663.3,31.31,Financial Services,Insurance - Life,,,,12.02,42.15,Y,
RNST,41.21,41.84,1.5,3802.5,717.2,29.56,Financial Services,Banks - Regional,,,,4.77,39.33,Y,
GTX,33.85,34.34,1.43,6336.3,2484.7,84.11,Consumer Cyclical,Auto Parts,,,,67.41,20.22,Y,
FHB,27.4,27.79,1.41,3333.2,1658.0,45.43,Financial Services,Banks - Regional,,,,8.18,25.33,Y,
PL,50.41,51.13,1.41,17965.8,12905.9,650.59,Industrials,Aerospace & Defense,,,,104.67,24.63,Y,
BKSY,51.38,52.09,1.36,1906.7,2019.7,103.77,Industrials,Specialty Business Services,,,,154.48,20.19,Y,
ZGN,13.44,13.62,1.32,3605.2,724.8,9.74,Consumer Cyclical,Apparel Manufacturing,,,,15.86,11.6,Y,
CMPS,12.32,12.48,1.28,1662.6,3901.5,48.07,Healthcare,Medical Care Facilities,,,,65.59,7.44,Y,
CNTA,39.74,40.26,1.28,6149.7,2583.5,102.68,Healthcare,Biotechnology,,,,47.37,26.97,Y,
WBI,31.5,31.9,1.25,1481.0,897.2,28.26,Energy,Oil & Gas Equipment & Services,,,,25.66,25.07,Y,
NVTS,33.43,33.82,1.15,7922.6,29890.8,999.25,Technology,Semiconductors,,,,238.36,9.88,Y,
CSX,46.21,46.74,1.14,85855.3,12517.3,578.36,Industrials,Railroads,Nasdaq100|SP500,,,9.8,42.08,Y,
NOV,21.14,21.38,1.14,7585.7,4758.3,100.57,Energy,Oil & Gas Equipment & Services,,,,5.35,20.06,Y,
NNN,44.97,45.48,1.13,8554.5,1629.8,73.28,Real Estate,REIT - Retail,,,,2.73,43.77,Y,
PK,11.77,11.9,1.13,2369.0,4023.5,47.34,Real Estate,REIT - Hotel & Motel,,,,7.02,10.99,Y,
XHR,17.03,17.23,1.13,1571.4,700.9,11.94,Real Estate,REIT - Hotel & Motel,,,,11.76,15.24,Y,
CYRX,14.2,14.36,1.11,715.7,541.4,7.69,Industrials,Integrated Freight & Logistics,,,,67.45,8.48,Y,
SLB,58.19,58.81,1.05,87004.9,16199.2,942.71,Energy,Oil & Gas Equipment & Services,SP500,,,12.65,51.66,Y,
UBS,47.64,48.12,0.99,156154.6,2667.9,127.1,Financial Services,Banks - Diversified,,,,17.64,40.5,Y,
FCF,18.81,19.0,0.98,1912.7,869.6,16.36,Financial Services,Banks - Regional,,,,4.31,18.03,Y,
EFC,13.56,13.69,0.95,1700.3,1588.5,21.54,Real Estate,REIT - Mortgage,,,,11.76,12.13,Y,
CEVA,40.91,41.29,0.92,1139.8,599.7,24.53,Technology,Semiconductors,,,,91.89,21.32,Y,
NWBI,14.0,14.13,0.92,2048.4,1283.7,17.97,Financial Services,Banks - Regional,,,,9.92,12.74,Y,
AVNS,24.68,24.91,0.9,1155.9,1348.6,33.29,Healthcare,Medical Devices,,,,71.9,14.36,Y,
YPF,48.58,49.0,0.86,20497.7,2461.5,119.58,Energy,Oil & Gas Integrated,,,,30.21,37.31,Y,
BTSG,59.59,60.08,0.82,11555.6,2961.9,176.5,Healthcare,Health Information Services,,,,46.05,40.8,Y,
AKR,22.1,22.27,0.76,2950.7,1108.6,24.5,Real Estate,REIT - Retail,,,,8.8,20.31,Y,
KW,11.01,11.09,0.72,1533.7,1187.6,13.08,Real Estate,Real Estate Services,,,,2.6,10.73,Y,
HPE,37.98,38.25,0.71,50393.9,17421.5,661.67,Technology,Communication Equipment,SP500,Y,,85.29,20.5,Y,
HR,20.45,20.6,0.7,7088.1,3637.9,74.41,Real Estate,REIT - Healthcare Facilities,,,,11.48,18.35,Y,
ERIC,13.57,13.66,0.66,45117.7,10032.5,136.19,Technology,Communication Equipment,,,,23.1,11.03,Y,
FBP,24.42,24.57,0.61,3777.4,1408.9,34.41,Financial Services,Banks - Regional,,,,10.45,22.11,Y,
DOC,19.77,19.89,0.6,13629.8,8121.0,160.55,Real Estate,REIT - Healthcare Facilities,SP500,,,14.86,17.21,Y,
PEB,15.0,15.08,0.53,1700.5,2445.9,36.69,Real Estate,REIT - Hotel & Motel,,,,22.65,12.23,Y,
SHO,10.73,10.78,0.51,1998.0,1765.1,18.93,Real Estate,REIT - Hotel & Motel,,,,15.62,9.28,Y,
UE,22.44,22.55,0.49,2827.9,890.9,19.99,Real Estate,REIT - Retail,,,,7.96,20.79,Y,
BUSE,27.47,27.57,0.38,2322.9,583.2,16.02,,,,,,7.13,25.64,Y,
SIRI,29.67,29.78,0.37,9989.2,4681.1,138.91,Communication Services,Entertainment,,,,43.28,20.71,Y,
APLE,14.59,14.64,0.36,3443.0,3284.3,47.9,Real Estate,REIT - Hotel & Motel,,,,21.38,12.02,Y,
CSTM,34.81,34.94,0.36,4740.1,2349.8,81.81,Basic Materials,Aluminum,,,,33.96,25.99,Y,
MAC,22.62,22.69,0.29,6413.3,2542.1,57.52,Real Estate,REIT - Retail,,,,10.84,20.41,Y,
KALV,26.77,26.85,0.28,1425.5,3131.1,83.84,Healthcare,Biotechnology,,,,69.89,15.76,Y,
DNP,10.88,10.9,0.23,4097.9,681.4,7.41,Financial Services,Asset Management,,,,4.32,10.42,Y,
SILA,30.23,30.3,0.23,1669.9,712.6,21.54,Real Estate,REIT - Healthcare Facilities,,,,17.95,25.63,Y,
LXP,52.83,52.94,0.21,3114.5,525.0,27.74,Real Estate,REIT - Industrial,,,,9.42,48.28,Y,
FFBC,31.17,31.23,0.19,3270.6,853.8,26.61,Financial Services,Banks - Regional,,,,6.94,29.15,Y,
KIM,24.29,24.33,0.18,16381.7,4981.0,120.99,,,SP500,,,5.33,23.06,Y,
BEP,36.35,36.4,0.14,11024.1,880.9,32.02,Utilities,Utilities - Renewable,,,,14.38,31.78,Y,
DBRG,15.7,15.72,0.13,2863.2,3058.6,48.02,Financial Services,Asset Management,,,,2.35,15.34,Y,
HST,22.97,23.0,0.13,15731.7,8523.6,195.79,Real Estate,REIT - Hotel & Motel,SP500,,,17.78,19.5,Y,
PECO,40.88,40.92,0.1,5149.5,865.6,35.39,Real Estate,REIT - Retail,,,,5.16,38.87,Y,
KRG,27.51,27.53,0.07,5586.4,1895.8,52.15,Real Estate,REIT - Retail,,,,7.21,25.66,Y,
BCAT,15.62,15.64,0.06,1637.1,696.0,10.88,Financial Services,Asset Management,,,,8.87,14.35,Y,
TXNM,59.48,59.5,0.03,6584.9,1346.5,80.09,Utilities,Utilities - Regulated Electric,,,,0.79,59.01,Y,
